"Id","Title","Artist","Mp3"
"23655","everyone","yuhei komatsu","https://dova-worker.tracks-cid.workers.dev?filepath=bgm%2Faudio%2F10703e59-2d5b-425b-98f8-84b1e2dab1da.mp3&expires=1784601451&token=d98da2c444c4fd4d3d365c48ceeb7bb707a64fe9762da0c3536e6c6083e7eadc"
"23620","魔法使いになりたいの！","えだまめ88","https://dova-worker.tracks-cid.workers.dev?filepath=bgm%2Faudio%2Ff9f2d220-e6b1-4faf-8f24-8c0b7c695a0a.mp3&expires=1784601452&token=1b8425f8a699c635ea386d59c0b07130aa19f9549f7a31a182341ecabb480f09"
"23468","トワイライト・ハイウェイ","秦暁","https://dova-worker.tracks-cid.workers.dev?filepath=bgm%2Faudio%2F9d4ca5dc-855f-4f3e-8644-0e99455e5e4c.mp3&expires=1784601453&token=c36f9b35cb23227235ce74ee4fca895bc14868971631fd51384bb841cda09029"
"23366","Treatise Seven","Anonyment","https://dova-worker.tracks-cid.workers.dev?filepath=bgm%2Faudio%2F1af28856-688d-42bb-a9a5-f9c595e39260.mp3&expires=1784601454&token=2083d13db59dbd734ad75d3bf6eed9b4732de8cbee48c36ab88008f5eeee949b"
"23353","碧い回路の夜明け","しんさんわーくす","https://dova-worker.tracks-cid.workers.dev?filepath=bgm%2Faudio%2F381b868f-492d-416c-8ec0-d732f85cd285.mp3&expires=1784601455&token=565d2680c44fe8c36c45e3a3cc91c7a4b6ca3410d0b010f640d3bb6e1d58a3b8"
"23337","rise and shine","山本リョーマ","https://dova-worker.tracks-cid.workers.dev?filepath=bgm%2Faudio%2Fe06ffec1-4b31-4ff9-9a60-e570f00de153.mp3&expires=1784601455&token=8a2dde89582085525d3c386e481c007c5b37037a000262f2f8da4cb64025469f"
"23306","PALETTE","yuhei komatsu","https://dova-worker.tracks-cid.workers.dev?filepath=bgm%2Faudio%2Feec927c4-9d1c-4b24-be32-e601780001a7.mp3&expires=1784601456&token=2c60cd092c68138705ab09acf380238479255c74edfd00d3e014d64d4aa99f35"
"23283","poppop","Sakuttipanda","https://dova-worker.tracks-cid.workers.dev?filepath=bgm%2Faudio%2F366aa1c6-19ae-4015-a0c7-e8d556306b96.mp3&expires=1784601457&token=93c853722f0523d8e4574c5b15006509af01dacd3aef6f98a5db3db3828ba9c6"
"23286","Growing in the Sky","shimtone","https://dova-worker.tracks-cid.workers.dev?filepath=bgm%2Faudio%2F2ff4a792-2ce9-4e67-b434-3bebc29effd7.mp3&expires=1784601458&token=11d6ab3f69d758ecc5e9b4576566e406725008bebc461de360a7f39dbdcad6ff"
"23236","Retail Magic Hour","MFP【Marron Fields Production】","https://dova-worker.tracks-cid.workers.dev?filepath=bgm%2Faudio%2F785f6a20-5de3-42a2-83c1-0044641ea49b.mp3&expires=1784601458&token=9447ac87111c49a8f9008a0c3fa60ee1d1fa6017037fcb962437bae361590740"
